feature,global_r2,global_r2_ci95_low,global_r2_ci95_high,global_p,global_q,indiv_mean_r2,n_samples
Nuclei_RadialDistribution_RadialCV_Mito_1of4,0.884,0.841,0.935,0.0001999600079984,0.0011331067119909,0.66,100
Cells_AreaShape_Zernike_3_1,0.871,0.83,0.941,0.0001999600079984,0.0011331067119909,0.69,100
Cells_RadialDistribution_RadialCV_AGP_1of4,0.854,0.804,0.901,0.0001999600079984,0.0011331067119909,0.67,100
Cells_RadialDistribution_RadialCV_AGP_4of4,0.82,0.773,0.897,0.0003999200159968,0.0013597280543891,0.63,100
Nuclei_RadialDistribution_FracAtD_Mito_3of4,0.82,0.715,0.904,0.0003999200159968,0.0013597280543891,0.82,100
Cells_AreaShape_Zernike_4_2,0.78,0.764,0.886,0.0005998800239952,0.0016996600679864,0.85,100
Cells_RadialDistribution_RadialCV_Mito_1of4,0.774,0.73,0.881,0.0007998400319936,0.0016996600679864,0.87,100
Nuclei_Granularity_5_DNA,0.756,0.735,0.863,0.0007998400319936,0.0016996600679864,0.62,100
Cells_RadialDistribution_MeanFrac_AGP_3of4,0.719,0.675,0.844,0.0011997600479904,0.0022662134239818,0.82,100
Cytoplasm_AreaShape_Zernike_4_4,0.717,0.673,0.853,0.0015996800639872,0.0027194561087782,0.9,100
Cells_RadialDistribution_RadialCV_AGP_3of4,0.697,0.531,0.845,0.0021995600879824,0.0033993201359728,0.7,100
Nuclei_RadialDistribution_RadialCV_DNA_1of4,0.687,0.323,0.917,0.002999400119976,0.004249150169966,0.75,100
Cells_AreaShape_Zernike_2_2,0.68,0.631,0.828,0.003999200159968,0.005229723286112,0.85,100
Cytoplasm_RadialDistribution_RadialCV_AGP_1of4,0.651,0.647,0.835,0.0051989602079584,0.0063130231096637,0.62,100
Nuclei_RadialDistribution_RadialCV_AGP_3of4,0.64,0.57,0.814,0.0067986402719456,0.0077051256415383,0.7,100
Nuclei_RadialDistribution_MeanFrac_Mito_3of4,0.624,0.574,0.833,0.0087982403519296,0.0093481303739252,0.9,100
Cytoplasm_AreaShape_Zernike_9_9,0.62,0.62,0.807,0.0113977204559088,0.0113977204559088,0.63,100
